location,iso_code,continent,date,total_cases,new_cases,total_deaths,new_deaths,new_cases_per_million,new_cases_smoothed_per_million,total_tests,new_tests,new_tests_smoothed,positive_rate,tests_per_case,tests_units,total_vaccinations,people_vaccinated,people_fully_vaccinated,total_boosters,new_vaccinations,stringency_index,population_density,gdp_per_capita,extreme_poverty,hospital_beds_per_thousand,life_expectancy,human_development_index,population
Afghanistan,AFG,Asia,2024-08-04,235214.0,0.0,7998.0,0.0,0.0,0.0,994894.0,,435.0,0.17,5.8,tests performed,22964750.0,19151369.0,18370386.0,2729940.0,3316.0,0.0,54.42,1803.99,,0.5,64.83,0.51,41128772
Albania,ALB,Europe,2024-08-04,335047.0,0.0,3605.0,0.0,0.0,0.0,1613870.0,957.0,375.0,0.43,2.3,tests performed,3088966.0,1349255.0,1279333.0,402371.0,2541.0,11.11,104.87,11803.43,1.1,2.89,78.57,0.8,2842318
Algeria,DZA,Africa,2024-08-04,272139.0,18.0,6881.0,0.0,0.4,0.06,230553.0,,,,,tests performed,15267442.0,7840131.0,6481186.0,575651.0,147230.0,11.11,17.35,13913.84,0.5,1.9,76.88,0.75,44903228
American Samoa,ASM,Oceania,2024-08-04,8359.0,0.0,34.0,0.0,0.0,0.0,,,,,,,,,,,,,278.2,,,,73.74,,44295
Andorra,AND,Europe,2024-08-04,48015.0,0.0,159.0,0.0,0.0,0.0,300307.0,,91.0,0.7,1.4,tests performed,157072.0,57913.0,53501.0,43071.0,1973.0,11.11,163.76,,,,83.73,0.87,79843
Angola,AGO,Africa,2024-08-04,107481.0,0.0,1937.0,0.0,0.0,0.0,1618566.0,1459.0,1013.0,0.03,30.3,tests performed,27819132.0,16550642.0,9609080.0,3067091.0,,17.02,23.89,5819.5,,,61.15,0.58,35588996
Anguilla,AIA,North America,2024-08-04,3904.0,0.0,12.0,0.0,0.0,0.0,51382.0,,169.0,0.08,12.5,tests performed,24604.0,10854.0,10380.0,3309.0,1421.0,,,,,,81.88,,15877
Antigua and Barbuda,ATG,North America,2024-08-04,9106.0,0.0,146.0,0.0,0.0,0.0,16700.0,,26.0,0.01,181.8,tests performed,136512.0,64290.0,62384.0,9838.0,305.0,,231.84,21490.94,,3.8,77.02,0.78,93772
Argentina,ARG,South America,2024-08-04,10101218.0,54.0,130663.0,1.0,1.19,0.17,36663990.0,6236.0,36366.0,0.29,3.5,tests performed,116978521.0,41529058.0,34900613.0,37713094.0,1562.0,14.38,16.18,18933.91,0.6,5.0,76.67,0.84,45510324
Armenia,ARM,Asia,2024-08-04,452273.0,0.0,8777.0,0.0,0.0,0.0,3102267.0,1467.0,1467.0,0.0,333.3,tests performed,2256919.0,1150915.0,1030758.0,81354.0,,,102.93,8787.58,1.8,4.2,75.09,0.78,2780472
Aruba,ABW,North America,2024-08-04,44224.0,0.0,292.0,0.0,0.0,0.0,793.0,428.0,,,,tests performed,174914.0,90546.0,84368.0,,1.0,25.93,584.8,35973.78,,,76.29,,106459
Australia,AUS,Oceania,2024-08-04,11861161.0,0.0,25236.0,0.0,0.0,0.0,73370295.0,82399.0,67114.0,0.42,2.4,tests performed,69686752.0,22231734.0,21647523.0,19790466.0,21127.0,11.11,3.2,44648.71,0.5,3.84,83.44,0.94,26177410
Austria,AUT,Europe,2024-08-04,6082444.0,15.0,22534.0,0.0,1.66,0.24,189791719.0,97659.0,86208.0,0.08,12.4,tests performed,20468731.0,6899873.0,6683263.0,5405966.0,,35.19,106.75,45436.69,0.7,7.37,81.54,0.92,8939617
Azerbaijan,AZE,Asia,2024-08-04,835757.0,63.0,10353.0,0.0,6.12,0.87,6947820.0,6872.0,2341.0,0.02,58.9,tests performed,13857111.0,5373253.0,4862494.0,3362453.0,1651.0,34.94,119.31,15847.42,,4.7,73.0,0.76,10358078
Bahamas,BHS,North America,2024-08-04,39127.0,0.0,849.0,0.0,0.0,0.0,241200.0,567.0,134.0,0.35,2.9,tests performed,366359.0,174810.0,166972.0,36965.0,6771.0,20.37,39.5,27717.85,,2.9,73.92,0.81,409989
Bahrain,BHR,Asia,2024-08-04,696614.0,0.0,1536.0,0.0,0.0,0.0,9969082.0,7215.0,6220.0,0.28,3.6,units unclear,3476633.0,1241174.0,1226796.0,1008663.0,68.0,11.11,1935.91,43290.7,,2.0,77.29,0.85,1472237
Bangladesh,BGD,Asia,2024-08-04,2051348.0,40.0,29499.0,0.0,0.24,0.03,13820904.0,8536.0,2366.0,0.28,3.6,tests performed,361742554.0,151507162.0,142201684.0,68615250.0,18.0,13.89,1265.04,3523.98,14.8,0.8,72.59,0.63,171186368
Barbados,BRB,North America,2024-08-04,108582.0,57.0,593.0,0.0,201.9,28.84,697476.0,734.0,507.0,0.18,5.5,tests performed,384049.0,163853.0,155047.0,62848.0,4.0,11.11,664.46,16978.07,,5.8,79.19,0.81,281646
Belarus,BLR,Europe,2024-08-04,994037.0,0.0,7118.0,0.0,0.0,0.0,13220483.0,9650.0,7068.0,0.04,24.8,tests performed,22511000.0,6536392.0,6414996.0,5720777.0,,0.0,46.86,17167.97,,11.0,74.79,0.82,9534956
Belgium,BEL,Europe,2024-08-04,4872829.0,1277.0,34339.0,0.0,109.69,15.67,34315605.0,4743.0,11433.0,0.26,3.8,tests performed,31469387.0,9261641.0,9170945.0,13556521.0,6.0,11.11,375.56,42658.58,0.2,5.64,81.63,0.93,11655923
Belize,BLZ,North America,2024-08-04,71414.0,0.0,688.0,0.0,0.0,0.0,572900.0,1351.0,1012.0,0.15,6.9,tests performed,510717.0,258473.0,221402.0,53198.0,5470.0,11.11,16.43,7824.36,,1.3,74.62,0.72,405285
Benin,BEN,Africa,2024-08-04,28036.0,0.0,163.0,0.0,0.0,0.0,604310.0,,,,,tests performed,4232541.0,3697190.0,2742837.0,,,11.11,99.11,2064.24,49.6,0.5,61.77,0.55,13352864
Bermuda,BMU,North America,2024-08-04,18860.0,0.0,165.0,0.0,0.0,0.0,41927.0,4992.0,867.0,0.09,11.5,samples tested,132042.0,48554.0,47657.0,35831.0,,11.11,1308.82,50669.32,,,82.59,,64207
Bhutan,BTN,Asia,2024-08-04,62697.0,0.0,21.0,0.0,0.0,0.0,1711669.0,13010.0,8392.0,0.04,27.8,samples tested,2011426.0,699116.0,677669.0,634641.0,414.0,5.56,21.19,8708.6,1.5,1.7,71.78,0.65,782457
Bolivia,BOL,South America,2024-08-04,1212147.0,2.0,22387.0,0.0,0.17,0.02,4440371.0,6982.0,6277.0,0.07,13.8,tests performed,14690530.0,7361008.0,6160585.0,2167589.0,3953.0,24.07,10.2,6885.83,7.1,1.1,71.51,0.72,12224114
Bonaire Sint Eustatius and Saba,BES,North America,2024-08-04,11922.0,0.0,41.0,0.0,0.0,0.0,,,,,,,35845.0,19109.0,16736.0,,,,,,,,77.79,,27052
Bosnia and Herzegovina,BIH,Europe,2024-08-04,403666.0,0.0,16392.0,0.0,0.0,0.0,1499302.0,4188.0,3502.0,0.23,4.4,tests performed,1924950.0,943394.0,846080.0,120530.0,66884.0,25.93,68.5,11713.9,0.2,3.5,77.4,0.78,3233530
Botswana,BWA,Africa,2024-08-04,330696.0,0.0,2801.0,0.0,0.0,0.0,2285160.0,2647.0,857.0,0.05,20.7,tests performed,3171667.0,1951054.0,1663490.0,510809.0,10435.0,0.0,4.04,15807.37,,1.8,69.59,0.74,2630300
Brazil,BRA,South America,2024-08-04,37511921.0,0.0,702116.0,0.0,0.0,0.0,70923215.0,126242.0,121418.0,,,tests performed,486436436.0,189643431.0,176164186.0,126388587.0,24197.0,22.22,25.04,14103.45,3.4,2.2,75.88,0.76,215313504
British Virgin Islands,VGB,North America,2024-08-04,7557.0,0.0,64.0,0.0,0.0,0.0,96630.0,,,,,people tested,41453.0,19466.0,18261.0,3726.0,,,207.97,,,,79.07,,31332
Brunei,BRN,Asia,2024-08-04,347723.0,288.0,179.0,1.0,632.45,90.35,93192.0,297.0,,,,samples tested,1293100.0,451149.0,446714.0,340466.0,3827.0,11.11,81.35,71809.25,,2.7,75.86,0.84,449002
Bulgaria,BGR,Europe,2024-08-04,1329988.0,257.0,38700.0,0.0,37.65,5.38,10080207.0,4881.0,3104.0,0.08,12.9,tests performed,4726614.0,2155863.0,2078006.0,768430.0,3.0,11.11,65.18,18563.31,1.5,7.45,75.05,0.82,6781955
Burkina Faso,BFA,Africa,2024-08-04,22139.0,0.0,400.0,0.0,0.0,0.0,324773.0,41.0,291.0,0.0,624.3,tests performed,7893609.0,6089089.0,5232347.0,4056.0,,8.33,70.15,1703.1,43.7,0.4,61.58,0.45,22673764
Burundi,BDI,Africa,2024-08-04,54569.0,0.0,15.0,0.0,0.0,0.0,1611285.0,3281.0,1061.0,0.02,42.4,tests performed,42252.0,36909.0,36321.0,314.0,93.0,19.44,423.06,702.22,71.7,0.8,61.58,0.43,12889583
Cambodia,KHM,Asia,2024-08-04,139319.0,6.0,3056.0,0.0,0.35,0.05,2977609.0,3334.0,566.0,0.0,1772.7,tests performed,47826645.0,15316670.0,14693274.0,10782710.0,61376.0,5.56,90.67,3645.07,,0.8,69.82,0.59,16767851
Cameroon,CMR,Africa,2024-08-04,125246.0,0.0,1974.0,0.0,0.0,0.0,2731181.0,,608.0,0.0,33.7,tests performed,4880572.0,3753733.0,3197286.0,803560.0,9890.0,8.33,50.88,3364.93,23.8,1.3,59.29,0.56,27914542
Canada,CAN,North America,2024-08-04,4819055.0,38.0,55282.0,0.0,0.98,0.14,62177630.0,75648.0,27030.0,0.09,11.4,tests performed,102877159.0,34742937.0,31758251.0,34890285.0,1481.0,5.56,4.04,44017.59,0.5,2.5,82.43,0.93,38454328
Cape Verde,CPV,Africa,2024-08-04,64474.0,0.0,417.0,0.0,0.0,0.0,,904.0,324.0,0.12,8.6,tests performed,859940.0,356734.0,308720.0,749.0,4461.0,11.11,135.58,6222.55,,2.1,72.98,0.66,593162
Cayman Islands,CYM,North America,2024-08-04,31472.0,0.0,37.0,0.0,0.0,0.0,9358.0,2691.0,384.0,0.0,3.0,tests performed,152148.0,62113.0,60696.0,24064.0,226.0,,256.5,49903.03,,,83.92,,68722
Central African Republic,CAF,Africa,2024-08-04,15441.0,0.0,113.0,0.0,0.0,0.0,94759.0,,142.0,0.0,1.8,tests performed,3342248.0,2600389.0,2484985.0,366221.0,12887.0,8.33,7.48,661.24,,1.0,53.28,0.4,5579148
Chad,TCD,Africa,2024-08-04,7702.0,0.0,194.0,0.0,0.0,0.0,218873.0,,129.0,0.0,225.9,tests performed,9151765.0,5147667.0,5020360.0,4042573.0,,13.89,11.83,1768.15,38.4,,54.24,0.4,17723312
Chile,CHL,South America,2024-08-04,5401126.0,100.0,62730.0,0.0,5.11,0.73,39773213.0,58711.0,67521.0,0.15,6.7,tests performed,66864900.0,18088517.0,17700117.0,27474929.0,1342.0,13.89,24.28,22767.04,1.3,2.11,80.18,0.85,19603736
China,CHN,Asia,2024-08-04,99373219.0,2087.0,122304.0,15.0,1.46,0.21,9214000000.0,,14769984.0,0.0,637.8,tests performed,3491077000.0,1310292000.0,1276760000.0,826913000.0,420000.0,49.54,147.67,15308.71,0.7,4.34,76.91,0.76,1425887360
Colombia,COL,South America,2024-08-04,6391876.0,976.0,142727.0,0.0,18.86,2.7,35241195.0,9497.0,18395.0,0.08,11.8,tests performed,90931192.0,43012174.0,37204128.0,14944212.0,18933.0,19.44,44.22,13254.95,4.5,1.71,77.29,0.77,51874028
Comoros,COM,Africa,2024-08-04,9109.0,0.0,160.0,0.0,0.0,0.0,100289.0,,1306.0,0.0,4566.4,tests performed,835021.0,438825.0,397080.0,,,,437.35,1413.89,18.1,2.2,64.32,0.55,836783
Congo,COG,Africa,2024-08-04,25227.0,0.0,389.0,0.0,0.0,0.0,395040.0,,639.0,0.0,,tests performed,833210.0,695760.0,654119.0,,1486.0,13.89,15.4,4881.41,37.0,,64.57,0.57,5970430
Cook Islands,COK,Oceania,2024-08-04,7345.0,1.0,2.0,0.0,67.81,9.69,,,,,,,40854.0,15112.0,14728.0,10240.0,,,,,,,76.25,,17032
Costa Rica,CRI,North America,2024-08-04,1234701.0,0.0,9372.0,0.0,0.0,0.0,3677525.0,8616.0,11820.0,0.18,5.7,people tested,13576935.0,4650636.0,4369784.0,2986527.0,,11.11,96.08,15525.0,1.3,1.13,80.28,0.81,5180836
Cote d'Ivoire,CIV,Africa,2024-08-04,88434.0,0.0,835.0,0.0,0.0,0.0,1540831.0,635.0,1206.0,0.03,32.2,tests performed,25263932.0,13568372.0,12164304.0,3138712.0,20396.0,13.89,76.4,3601.01,28.2,,57.78,0.54,28160548
Croatia,HRV,Europe,2024-08-04,1317144.0,0.0,18752.0,0.0,0.0,0.0,4922712.0,5587.0,1521.0,0.22,4.6,people tested,5374628.0,2323025.0,2251809.0,594785.0,39.0,11.11,73.73,22669.8,0.7,5.54,78.49,0.85,4030361
Cuba,CUB,North America,2024-08-04,1113662.0,0.0,8530.0,0.0,0.0,0.0,5296762.0,38826.0,35601.0,0.09,11.4,tests performed,45995747.0,10805570.0,10053658.0,8792717.0,1435.0,11.11,110.41,,,5.2,78.8,0.78,11212198
Curacao,CUW,North America,2024-08-04,45883.0,0.0,305.0,0.0,0.0,0.0,22100.0,2303.0,329.0,0.22,4.6,tests performed,260324.0,108601.0,100885.0,49213.0,1.0,,362.64,,,,78.88,,191173
Cyprus,CYP,Europe,2024-08-04,696410.0,0.0,1451.0,0.0,0.0,0.0,29501771.0,67206.0,67201.0,0.03,39.1,tests performed,1798610.0,671193.0,646142.0,481275.0,1437.0,11.11,127.66,32415.13,,3.4,80.98,0.89,896007
Czechia,CZE,Europe,2024-08-12,4761919.0,571.0,43509.0,1.0,53.5,7.64,54587458.0,4000.0,3708.0,0.11,9.0,tests performed,19047108.0,6982006.0,6895763.0,5581388.0,4.0,11.11,137.18,32605.91,,6.63,79.38,0.9,10493990
Democratic Republic of Congo,COD,Africa,2024-08-04,101009.0,0.0,1474.0,0.0,0.0,0.0,1045120.0,,928.0,0.1,10.3,tests performed,18808671.0,17045721.0,14399520.0,,42303.0,25.0,35.88,808.13,77.1,,60.68,0.48,99010216
Denmark,DNK,Europe,2024-08-04,3435679.0,0.0,9693.0,0.0,0.0,0.0,64649913.0,7934.0,7179.0,0.19,5.2,tests performed,14961517.0,4746522.0,4712002.0,3617006.0,,11.11,136.52,46682.52,0.2,2.5,80.9,0.94,5882259
Djibouti,DJI,Africa,2024-08-04,15690.0,0.0,189.0,0.0,0.0,0.0,309732.0,912.0,196.0,0.0,31.2,tests performed,442199.0,421573.0,401208.0,,12179.0,2.78,41.28,2705.41,22.5,1.4,67.11,0.52,1120851
Dominica,DMA,North America,2024-08-04,16047.0,0.0,74.0,0.0,0.0,0.0,205366.0,341.0,356.0,0.0,6.0,tests performed,67647.0,32995.0,30659.0,3993.0,270.0,24.07,98.57,9673.37,,3.8,75.0,0.74,72758
Dominican Republic,DOM,North America,2024-08-04,661103.0,0.0,4384.0,0.0,0.0,0.0,3444251.0,3731.0,4839.0,0.15,6.6,samples tested,16430339.0,7367193.0,6130377.0,2574938.0,553.0,5.56,222.87,14600.86,1.6,1.6,74.08,0.76,11228821
East Timor,TLS,Asia,2024-08-04,23460.0,0.0,138.0,0.0,0.0,0.0,264839.0,504.0,145.0,0.0,253.9,tests performed,2028798.0,886838.0,801759.0,340201.0,7881.0,9.47,87.18,6570.1,30.3,5.9,69.5,0.61,1341298
Ecuador,ECU,South America,2024-08-04,1077445.0,157.0,36050.0,0.0,8.81,1.26,2870685.0,2817.0,4020.0,0.27,3.7,people tested,39564195.0,15333873.0,14240587.0,10554926.0,5540.0,11.11,66.94,10581.94,3.6,1.5,77.01,0.76,18001002
Egypt,EGY,Africa,2024-08-04,516023.0,0.0,24830.0,0.0,0.0,0.0,11954884.0,,194420.0,0.0,371.0,tests performed,112673535.0,56907319.0,42337175.0,15217352.0,78722.0,10.29,98.0,10550.21,1.3,1.6,71.99,0.71,110990096
El Salvador,SLV,North America,2024-08-04,201920.0,3.0,4230.0,0.0,0.48,0.07,1921625.0,4675.0,4668.0,0.11,9.4,tests performed,11289175.0,4652597.0,4344286.0,2292292.0,46995.0,26.85,307.81,7292.46,2.2,1.3,73.32,0.67,6336393
England,OWID_ENG,Europe,2023-12-08,,,,,,,,,,,,,149398324.0,45417090.0,42951064.0,77498574.0,85453.0,,,,,,,,56550000
Equatorial Guinea,GNQ,Africa,2024-08-04,17130.0,0.0,183.0,0.0,0.0,0.0,484554.0,501.0,109.0,0.02,63.6,tests performed,488738.0,270109.0,214032.0,4597.0,639.0,,45.19,22604.87,,2.1,58.74,0.59,1674916
Eritrea,ERI,Africa,2024-08-04,10189.0,0.0,103.0,0.0,0.0,0.0,23693.0,,,,,tests performed,,,,,,0.0,44.3,1510.46,,0.7,66.32,0.46,3684041
Estonia,EST,Europe,2024-08-12,610471.0,0.0,2998.0,0.0,0.0,0.0,3425068.0,1246.0,993.0,0.12,8.5,tests performed,2171623.0,870213.0,862748.0,659459.0,9.0,11.11,31.03,29481.25,0.5,4.69,78.74,0.89,1326064
Eswatini,SWZ,Africa,2024-08-04,75356.0,0.0,1427.0,0.0,0.0,0.0,549656.0,333.0,303.0,0.04,23.1,tests performed,870205.0,526050.0,427335.0,179450.0,7504.0,11.11,79.49,7738.98,,2.1,60.19,0.61,1201680
Ethiopia,ETH,Africa,2024-08-04,501193.0,0.0,7574.0,0.0,0.0,0.0,5024643.0,4118.0,4906.0,0.13,7.5,tests performed,68856793.0,52489512.0,43653006.0,5978070.0,159930.0,22.22,104.96,1729.93,26.7,0.3,66.6,0.48,123379928
Falkland Islands,FLK,South America,2024-08-04,1923.0,0.0,0.0,0.0,0.0,0.0,,,,,,,4407.0,2632.0,1775.0,,,,,,,,81.44,,3801
Faroe Islands,FRO,Europe,2024-08-04,34658.0,0.0,28.0,0.0,0.0,0.0,777845.0,391.0,539.0,0.66,1.5,people tested,103894.0,41715.0,40895.0,21284.0,42.0,14.81,35.31,,,,80.67,,53117
Fiji,FJI,Oceania,2024-08-04,69047.0,0.0,885.0,0.0,0.0,0.0,558519.0,567.0,765.0,,,tests performed,1555182.0,712025.0,641194.0,172046.0,28295.0,25.74,49.56,8702.98,1.4,2.3,67.44,0.74,929769
Finland,FIN,Europe,2024-08-04,1499712.0,0.0,11466.0,0.0,0.0,0.0,11038890.0,4591.0,4001.0,0.33,3.0,tests performed,13327120.0,4524288.0,4347113.0,4455719.0,5922.0,11.11,18.14,40585.72,,3.28,81.91,0.94,5540745
France,FRA,Europe,2024-08-04,38997490.0,0.0,168091.0,0.0,0.0,17.74,278234000.0,179427.0,201691.0,0.23,4.4,people tested,154493266.0,54677678.0,53192478.0,47705542.0,285.0,11.11,122.58,38605.67,,5.98,82.66,0.9,67813000
French Guiana,GUF,South America,2024-08-04,98041.0,0.0,413.0,0.0,0.0,0.0,,,,,,,,,,,,,,,,,79.95,,304568
French Polynesia,PYF,Oceania,2024-08-04,79387.0,47.0,650.0,0.0,167.62,23.95,,,,,,,502952.0,190908.0,186803.0,112237.0,405.0,,77.32,,,,77.66,,306292
Gabon,GAB,Africa,2024-08-04,49051.0,0.0,307.0,0.0,0.0,0.0,1599902.0,2256.0,114.0,0.04,25.7,tests performed,572672.0,311244.0,257471.0,2592.0,1486.0,11.11,7.86,16562.41,3.4,6.3,66.47,0.7,2388997
Gambia,GMB,Africa,2024-08-04,12627.0,0.0,372.0,0.0,0.0,0.0,155686.0,,68.0,0.01,95.2,tests performed,1444492.0,674314.0,539186.0,53741.0,429.0,11.11,207.57,1561.77,10.1,1.1,62.05,0.5,2705995
Georgia,GEO,Asia,2024-08-04,1863615.0,0.0,17150.0,0.0,0.0,0.0,13652505.0,20318.0,3491.0,0.07,14.2,tests performed,2930677.0,1654504.0,1276173.0,80818.0,758.0,5.56,65.03,9745.08,4.2,2.6,73.77,0.81,3744385
Germany,DEU,Europe,2024-08-04,38437756.0,0.0,174979.0,0.0,0.0,0.0,131286804.0,,88471.0,0.42,2.4,tests performed,192221468.0,64876299.0,63563414.0,64791434.0,945.0,11.11,237.02,45229.24,,8.0,81.33,0.95,83369840
Ghana,GHA,Africa,2024-08-04,172062.0,0.0,1462.0,0.0,0.0,0.0,2465238.0,2208.0,1210.0,0.26,3.8,tests performed,25624828.0,13864186.0,10780003.0,4806017.0,60270.0,33.38,126.72,4227.63,12.0,0.9,64.07,0.61,33475870
Gibraltar,GIB,Europe,2024-08-04,20550.0,0.0,113.0,0.0,0.0,0.0,533268.0,514.0,553.0,0.09,11.7,tests performed,132810.0,42175.0,41465.0,49170.0,202.0,,3457.1,,,,79.93,,32677
Greece,GRC,Europe,2024-08-04,5673681.0,5818.0,39258.0,40.0,558.75,79.82,84483362.0,73217.0,95227.0,0.08,12.1,samples tested,22467978.0,7938031.0,7647076.0,7461944.0,8.0,11.11,83.48,24574.38,1.5,4.21,82.24,0.89,10384972
Greenland,GRL,North America,2024-08-04,11971.0,0.0,21.0,0.0,0.0,0.0,,,,,,,79738.0,41227.0,38511.0,,15.0,11.11,0.14,,,,71.7,,56494
Grenada,GRD,North America,2024-08-04,19693.0,0.0,238.0,0.0,0.0,0.0,169195.0,527.0,206.0,0.12,8.5,tests performed,90686.0,44241.0,39034.0,7411.0,55.0,,317.13,13593.88,,3.7,72.4,0.78,125459
Guadeloupe,GLP,North America,2024-08-04,203235.0,0.0,1021.0,0.0,0.0,0.0,,,,,,,,,,,,,,,,,82.14,,395762
Guam,GUM,Oceania,2024-08-04,52287.0,0.0,419.0,0.0,0.0,0.0,323516.0,413.0,486.0,0.1,9.7,tests performed,,,,,,0.0,304.13,,,,80.07,,171783
Guatemala,GTM,North America,2024-08-04,1250371.0,1.0,20203.0,0.0,0.06,0.01,4067775.0,10381.0,10008.0,0.19,5.2,people tested,20362104.0,8933623.0,7126305.0,4302176.0,7837.0,36.57,157.83,7423.81,8.7,0.6,74.3,0.66,17843914
Guernsey,GGY,Europe,2024-08-04,35326.0,0.0,67.0,0.0,0.0,0.0,,,,,,,178525.0,54223.0,52710.0,69339.0,754.0,,,,,,,,63329
Guinea,GIN,Africa,2024-08-04,38572.0,0.0,468.0,0.0,0.0,0.0,708410.0,,1193.0,0.0,72.1,tests performed,12049511.0,8715641.0,5853990.0,425378.0,522.0,25.45,51.76,1998.93,35.3,0.3,61.6,0.48,13859349
Guinea-Bissau,GNB,Africa,2024-08-04,9614.0,0.0,177.0,0.0,0.0,0.0,142948.0,390.0,231.0,0.02,40.4,tests performed,920752.0,747057.0,547637.0,76359.0,1658.0,,66.19,1548.68,67.1,,58.32,0.48,2105580
Guyana,GUY,South America,2024-08-04,74443.0,4.0,1302.0,0.0,4.87,0.7,442695.0,,2771.0,0.34,3.0,tests performed,960133.0,495285.0,381984.0,82864.0,58394.0,18.52,3.95,7435.05,,1.6,69.91,0.68,808727
Haiti,HTI,North America,2024-08-04,34456.0,0.0,860.0,0.0,0.0,0.0,206594.0,263.0,197.0,0.04,27.6,tests performed,680104.0,521396.0,366339.0,,4278.0,31.48,398.45,1653.17,23.5,0.7,64.0,0.51,11585003
Honduras,HND,North America,2024-08-04,472896.0,1.0,11114.0,0.0,0.1,0.01,,,,,,,17074861.0,6596213.0,5853689.0,4872295.0,81065.0,23.15,82.8,4541.8,16.0,0.7,75.27,0.63,10432858
Hong Kong,HKG,Asia,2024-08-10,,,,,,,49426686.0,,72419.0,0.0,262.5,tests performed,21014839.0,6920120.0,6803327.0,7291392.0,326.0,11.11,7039.71,56054.92,,,84.86,0.95,7488863
Hungary,HUN,Europe,2024-08-04,2230800.0,143.0,49053.0,0.0,14.77,2.11,10943720.0,39094.0,4344.0,0.22,4.5,tests performed,16701238.0,6420813.0,6207249.0,4316982.0,93527.0,11.11,108.04,26777.56,0.5,7.02,76.88,0.85,9967304
Iceland,ISL,Europe,2024-08-04,210374.0,27.0,186.0,0.0,70.98,10.14,1373785.0,632.0,460.0,,,tests performed,805469.0,309770.0,290193.0,250542.0,1925.0,5.56,3.4,46482.96,0.2,2.91,82.99,0.95,372903
India,IND,Asia,2024-08-12,45041748.0,313.0,533623.0,0.0,0.22,0.03,858526354.0,388641.0,442229.0,0.03,35.9,samples tested,2206868000.0,1027438924.0,951990552.0,227438524.0,7.0,28.7,450.42,6426.67,21.2,0.53,69.66,0.64,1417173120
Indonesia,IDN,Asia,2024-08-04,6829399.0,46.0,162059.0,0.0,0.16,0.02,59503735.0,103179.0,114413.0,0.08,11.9,people tested,448199860.0,204419394.0,174965137.0,69356250.0,0.0,14.93,145.72,11188.74,5.7,1.04,71.72,0.72,275501344
Iran,IRN,Asia,2024-08-04,7627863.0,0.0,146837.0,0.0,0.0,0.0,52269202.0,76234.0,25540.0,0.01,129.0,tests performed,155461757.0,65199831.0,58585264.0,31352288.0,31765.0,53.94,49.83,19082.62,0.2,1.5,76.68,0.78,88550568
Iraq,IRQ,Asia,2024-08-04,2465545.0,0.0,25375.0,0.0,0.0,0.0,19002710.0,20703.0,11852.0,0.01,109.2,tests performed,19557364.0,11332925.0,7944775.0,275280.0,16843.0,16.67,88.12,15663.99,2.5,1.4,70.6,0.67,44496124
Ireland,IRL,Europe,2024-08-04,1745088.0,761.0,9744.0,9.0,148.92,21.28,12347313.0,5553.0,5178.0,0.32,3.1,tests performed,11148281.0,4112237.0,4065584.0,3211763.0,8.0,5.56,69.87,67335.29,0.2,2.96,82.3,0.96,5023108
Isle of Man,IMN,Europe,2024-08-04,38008.0,0.0,116.0,0.0,0.0,0.0,,,,,,,189994.0,69560.0,67106.0,53328.0,1.0,,147.87,,,,81.4,,84534
Israel,ISR,Asia,2024-08-04,4841558.0,0.0,12707.0,0.0,0.0,0.0,51780014.0,30887.0,26227.0,0.33,3.0,people tested,18649248.0,6723119.0,6159825.0,5766304.0,63.0,14.81,402.61,33132.32,0.5,2.99,82.97,0.92,9449000
Italy,ITA,Europe,2024-08-07,26781078.0,6350.0,197307.0,6.0,106.51,15.22,224876148.0,246512.0,193140.0,0.21,4.9,tests performed,144608839.0,50936719.0,47947097.0,47765365.0,26.0,21.99,205.86,35220.08,2.0,3.18,83.51,0.89,59037472
Jamaica,JAM,North America,2024-08-04,157181.0,12.0,3611.0,0.0,4.23,0.6,1124299.0,2223.0,678.0,0.22,4.6,samples tested,1528445.0,859773.0,760132.0,46065.0,320.0,11.11,266.88,8193.57,,1.7,74.47,0.73,2827382
Japan,JPN,Asia,2024-08-04,33803572.0,0.0,74694.0,0.0,0.0,0.0,53504941.0,138240.0,94925.0,0.15,6.7,people tested,383747738.0,104705133.0,103380343.0,175662262.0,1605.0,33.33,347.78,39002.22,,13.05,84.63,0.92,123951696
Jersey,JEY,Europe,2024-08-04,66391.0,0.0,161.0,0.0,0.0,0.0,,,,,,,266953.0,84365.0,81882.0,73662.0,,,,,,,,,110796
Jordan,JOR,Asia,2024-08-04,1746997.0,0.0,14122.0,0.0,0.0,0.0,16803235.0,42668.0,2541.0,0.02,58.3,tests performed,10057975.0,4821579.0,4558313.0,682211.0,16423.0,0.0,109.28,8337.49,0.1,1.4,74.53,0.73,11285875
Kazakhstan,KAZ,Asia,2024-08-04,1504370.0,0.0,19072.0,0.0,0.0,0.0,11965068.0,52729.0,39955.0,0.03,33.4,tests performed,38355605.0,10858101.0,10629063.0,2514071.0,12492.0,5.56,6.68,24055.59,0.1,6.7,73.6,0.82,19397998
Kenya,KEN,Africa,2024-08-04,344106.0,0.0,5689.0,0.0,0.0,0.0,3728165.0,2868.0,3338.0,0.11,9.0,tests performed,23750431.0,14494372.0,11090440.0,2000636.0,13702.0,22.77,87.32,2993.03,36.8,1.4,66.7,0.6,54027484
Kiribati,KIR,Oceania,2024-08-04,5085.0,0.0,24.0,0.0,0.0,0.0,,,,,,,219980.0,100900.0,81474.0,37606.0,,0.0,143.7,1981.13,,1.9,68.37,0.63,131237
Kosovo,OWID_KOS,Europe,2024-08-04,274279.0,0.0,3212.0,0.0,0.0,0.0,1846365.0,1719.0,214.0,0.08,13.3,tests performed,1837446.0,906858.0,825082.0,105506.0,1.0,25.04,168.16,9795.83,0.6,,,,1782115
Kuwait,KWT,Asia,2024-08-04,667290.0,0.0,2570.0,0.0,0.0,0.0,8208880.0,8163.0,6104.0,0.02,60.4,tests performed,8261221.0,3457498.0,3346176.0,1457547.0,52.0,5.56,232.13,65530.54,,2.0,75.49,0.81,4268886
Kyrgyzstan,KGZ,Asia,2024-08-04,88953.0,0.0,1024.0,0.0,0.0,0.0,,,,,,,3661335.0,1736541.0,1406016.0,,2897.0,11.11,32.33,3393.47,1.4,4.5,71.45,0.7,6630621
Laos,LAO,Asia,2024-08-04,219060.0,0.0,671.0,0.0,0.0,0.0,1030237.0,671.0,113.0,0.11,9.4,tests performed,11111066.0,5888649.0,5222417.0,,11603.0,28.61,29.72,6397.36,22.7,1.5,67.92,0.61,7529477
Latvia,LVA,Europe,2024-08-04,977765.0,0.0,7475.0,0.0,0.0,0.0,7263566.0,2035.0,1888.0,0.12,8.1,tests performed,2895716.0,1346184.0,1305976.0,529562.0,77.0,0.0,31.21,25063.85,0.7,5.57,75.29,0.87,1850654
Lebanon,LBN,Asia,2024-08-04,1239904.0,0.0,10947.0,0.0,0.0,0.0,4731376.0,14038.0,14688.0,,,tests performed,5814699.0,2740227.0,2414223.0,660249.0,292132.0,16.67,594.56,13367.56,,2.9,78.93,0.74,5489744
Lesotho,LSO,Africa,2024-08-04,36138.0,0.0,709.0,0.0,0.0,0.0,459732.0,553.0,234.0,0.12,8.5,tests performed,1339097.0,1014073.0,938088.0,177816.0,,11.11,73.56,2851.15,59.6,,54.33,0.53,2305826
Liberia,LBR,Africa,2024-08-04,7930.0,0.0,294.0,0.0,0.0,0.0,139824.0,,,,,tests performed,4460668.0,3903802.0,3730967.0,1987.0,8242.0,33.16,49.13,752.79,38.6,0.8,64.1,0.48,5302690
Libya,LBY,Africa,2024-08-04,507269.0,0.0,6437.0,0.0,0.0,0.0,,1351.0,3669.0,0.25,4.0,samples tested,3739158.0,2316327.0,1236102.0,186729.0,602.0,13.89,3.62,17881.51,,3.7,72.91,0.72,6812344
Liechtenstein,LIE,Europe,2024-08-04,21588.0,0.0,89.0,0.0,0.0,0.0,90632.0,248.0,220.0,0.34,2.9,tests performed,74337.0,26771.0,,22087.0,54.0,11.11,237.01,,,2.4,82.49,0.92,39355
Lithuania,LTU,Europe,2024-08-14,1369355.0,807.0,9810.0,0.0,286.48,40.93,8718186.0,136.0,751.0,0.21,4.7,tests performed,4604865.0,1958300.0,1881106.0,948621.0,1.0,11.11,45.14,29524.26,0.7,6.56,75.93,0.88,2750058
Luxembourg,LUX,Europe,2024-08-04,393542.0,190.0,1000.0,0.0,290.82,41.55,4299901.0,2293.0,1630.0,0.38,2.7,tests performed,1374547.0,481957.0,462702.0,459119.0,2.0,11.11,231.45,94277.96,0.2,4.51,82.25,0.92,647601
Macao,MAC,Asia,2023-04-13,,,,,,,,,,,,,1802985.0,679703.0,642266.0,481016.0,1171.0,36.11,20546.77,104861.85,,,84.24,,695180
Madagascar,MDG,Africa,2024-08-04,68567.0,0.0,1428.0,0.0,0.0,0.0,451753.0,693.0,541.0,0.05,18.3,tests performed,3092063.0,2710365.0,2628849.0,169187.0,13544.0,0.0,43.95,1416.44,77.6,0.2,67.04,0.53,29611718
Malawi,MWI,Africa,2024-08-04,89168.0,0.0,2686.0,0.0,0.0,0.0,589303.0,490.0,307.0,0.07,15.2,tests performed,8503954.0,5433538.0,4288014.0,1232829.0,14163.0,17.59,197.52,1095.04,71.4,1.3,64.26,0.48,20405318
Malaysia,MYS,Asia,2024-08-14,5309410.0,1085.0,37351.0,0.0,31.27,4.47,60647556.0,29997.0,36861.0,0.06,18.0,people tested,72657288.0,28138569.0,27551144.0,17185825.0,14.0,13.89,96.25,26808.16,0.1,1.9,76.16,0.81,33938216
Maldives,MDV,Asia,2024-08-04,186694.0,0.0,316.0,0.0,0.0,0.0,2211113.0,2103.0,57.0,0.0,13.9,samples tested,951764.0,399308.0,385167.0,167289.0,1683.0,,1454.43,15183.62,,,78.92,0.74,523798
Mali,MLI,Africa,2024-08-04,33166.0,0.0,743.0,0.0,0.0,0.0,708110.0,605.0,536.0,0.0,288.6,tests performed,5922585.0,4354292.0,3633589.0,,,23.69,15.2,2014.31,,0.1,59.31,0.43,22593598
Malta,MLT,Europe,2024-08-04,122796.0,80.0,922.0,1.0,151.46,21.64,1950858.0,1892.0,1440.0,0.23,4.3,tests performed,1408793.0,478953.0,471565.0,492656.0,19.0,11.11,1454.04,36513.32,0.2,4.49,82.53,0.9,533293
Marshall Islands,MHL,Oceania,2024-08-04,16297.0,0.0,17.0,0.0,0.0,0.0,3184.0,392.0,14.0,0.0,30.3,tests performed,,,,,,,295.15,3819.2,,2.7,73.7,0.7,41593
Martinique,MTQ,North America,2024-08-04,230354.0,0.0,1104.0,0.0,0.0,0.0,,,,,,,,,,,,,,,,,82.54,,367512
Mauritania,MRT,Africa,2024-08-04,63872.0,0.0,997.0,0.0,0.0,0.0,998154.0,1362.0,735.0,0.01,70.5,tests performed,4075874.0,2103754.0,1540597.0,383937.0,3777.0,8.33,4.29,3597.63,6.0,,64.92,0.55,4736146
Mauritius,MUS,Africa,2024-08-04,328167.0,0.0,1073.0,0.0,0.0,0.0,1282782.0,,12.0,0.0,11.3,tests performed,2616012.0,1123773.0,1088142.0,654507.0,35153.0,5.56,622.96,20292.74,0.5,3.4,74.99,0.8,1299478
Mayotte,MYT,Africa,2024-08-04,42027.0,0.0,187.0,0.0,0.0,0.0,,,,,,,,,,,,,,,,,79.46,,326113
Mexico,MEX,North America,2024-08-04,7619458.0,340.0,334551.0,0.0,2.64,0.38,15569464.0,1462.0,12427.0,0.49,2.0,people tested,223158993.0,97179493.0,81849962.0,57026630.0,157958.0,13.89,66.44,17336.47,2.5,1.38,75.05,0.78,127504120
Micronesia (country),FSM,Oceania,2024-08-04,31765.0,0.0,65.0,0.0,0.0,0.0,,,,,,,,,,,,,150.78,3299.46,16.0,,67.88,0.62,114178
Moldova,MDA,Europe,2024-08-04,637520.0,743.0,12245.0,2.0,244.41,34.92,,2711.0,12754.0,0.24,4.2,tests performed,2293086.0,1109524.0,1078961.0,406022.0,1079.0,5.56,123.66,5189.97,0.2,5.8,71.9,0.75,3272993
Monaco,MCO,Europe,2024-08-04,17181.0,0.0,67.0,0.0,0.0,0.0,,,,,,,65140.0,28875.0,25667.0,10598.0,,13.31,19347.5,,,13.8,86.75,,36491
Mongolia,MNG,Asia,2024-08-04,1011489.0,0.0,2136.0,0.0,0.0,0.0,7408778.0,4118.0,487.0,0.24,4.3,samples tested,5492919.0,2272965.0,2175617.0,1044337.0,1100.0,11.11,1.98,11840.85,0.5,7.0,69.87,0.74,3398373
Montenegro,MNE,Europe,2024-08-04,251280.0,0.0,2654.0,0.0,0.0,0.0,,,,,,,679171.0,292783.0,284869.0,101519.0,266.0,,46.28,16409.29,1.0,3.86,76.88,0.83,627082
Montserrat,MSR,North America,2024-08-04,1403.0,0.0,8.0,0.0,0.0,0.0,,,,,,,4619.0,2104.0,1952.0,563.0,,,,,,,74.16,,4413
Morocco,MAR,Africa,2024-08-04,1279115.0,0.0,16305.0,0.0,0.0,0.0,11738659.0,4632.0,6983.0,0.11,9.0,people tested,55389602.0,25020168.0,23521989.0,6925973.0,1204.0,24.46,80.08,7485.01,1.0,1.1,76.68,0.69,37457976
Mozambique,MOZ,Africa,2024-08-04,233843.0,0.0,2252.0,0.0,0.0,0.0,1341769.0,939.0,870.0,0.1,10.1,tests performed,34950858.0,22869646.0,21329745.0,2323562.0,295812.0,12.04,37.73,1136.1,62.9,0.7,60.85,0.46,32969520
Myanmar,MMR,Asia,2024-08-04,642885.0,26.0,19494.0,0.0,0.48,0.07,8332037.0,16383.0,5100.0,0.0,626.3,samples tested,93477104.0,41551927.0,35937796.0,15987381.0,3800.0,37.04,81.72,5591.6,6.4,0.9,67.13,0.58,54179312
Namibia,NAM,Africa,2024-08-04,172533.0,0.0,4108.0,0.0,0.0,0.0,1056045.0,778.0,772.0,0.06,17.3,tests performed,1005937.0,629767.0,550978.0,298560.0,3837.0,5.56,3.08,9541.81,13.4,,63.71,0.65,2567024
Nauru,NRU,Oceania,2024-08-04,5393.0,0.0,1.0,0.0,0.0,0.0,,,,,,,32157.0,13106.0,11346.0,7705.0,168.0,,682.45,12895.64,,5.0,59.96,,12691
Nepal,NPL,Asia,2024-08-04,1003450.0,0.0,12031.0,0.0,0.0,0.0,6969050.0,5062.0,2745.0,0.01,142.9,samples tested,62627629.0,27883196.0,24471043.0,10273390.0,33262.0,32.44,204.43,2442.8,15.0,0.3,70.78,0.6,30547586
Netherlands,NLD,Europe,2024-08-04,8640008.0,383.0,22986.0,0.0,21.39,3.06,30687346.0,6207.0,4928.0,0.68,1.5,tests performed,39764182.0,12582081.0,11768644.0,9416761.0,,11.11,508.54,48472.54,,3.32,82.28,0.94,17564020
New Caledonia,NCL,Oceania,2024-08-04,80163.0,0.0,314.0,0.0,0.0,0.0,,,,,,,480702.0,192375.0,184816.0,103511.0,,,15.34,,,,77.55,,289959
New Zealand,NZL,Oceania,2024-08-11,2639048.0,1730.0,4284.0,16.0,337.12,48.16,7264156.0,1761.0,3141.0,,,tests performed,13398398.0,4302330.0,4291717.0,4944676.0,11438.0,11.11,18.21,36085.84,,2.61,82.29,0.93,5185289
Nicaragua,NIC,North America,2024-08-04,16185.0,2.0,245.0,0.0,0.3,0.04,196380.0,,205.0,0.02,57.4,tests performed,15507763.0,6404524.0,6126708.0,2892531.0,0.0,13.89,51.67,5321.44,3.2,0.9,74.48,0.66,6948395
Niger,NER,Africa,2024-08-04,9518.0,0.0,315.0,0.0,0.0,0.0,254538.0,374.0,260.0,0.01,86.7,tests performed,7372208.0,6248483.0,5483001.0,,,10.55,16.95,926.0,44.5,0.3,62.42,0.39,26207982
Nigeria,NGA,Africa,2024-08-04,267188.0,0.0,3155.0,0.0,0.0,0.0,5279608.0,11989.0,8950.0,0.0,204.1,tests performed,133048021.0,93829435.0,81297808.0,16826715.0,186047.0,11.11,209.59,5338.45,,,54.69,0.54,218541216
Niue,NIU,Oceania,2024-08-04,1074.0,0.0,0.0,0.0,0.0,0.0,,,,,,,4923.0,1638.0,1635.0,1225.0,,,,,,,73.71,,1952
North Korea,PRK,Asia,2024-08-04,0.0,0.0,0.0,0.0,0.0,0.0,182968.0,1558.0,554.0,,,samples tested,,,,,,,211.7,,,13.2,72.27,,26069416
North Macedonia,MKD,Europe,2024-08-04,350924.0,116.0,9978.0,0.0,63.04,9.01,2074132.0,1124.0,792.0,0.07,13.5,tests performed,1862987.0,854570.0,838181.0,161633.0,3869.0,,82.6,13111.21,5.0,4.28,75.8,0.77,2093606
Northern Cyprus,OWID_CYN,Asia,2022-12-06,,,,,,,,,,,,,861519.0,301673.0,313067.0,80243.0,795.0,,,,,,,,382836
Northern Ireland,OWID_NIR,Europe,2023-12-11,,,,,,,,,,,,,4600649.0,1430694.0,1361003.0,2234611.0,184.0,,,,,,,,1896000
Northern Mariana Islands,MNP,Oceania,2024-08-04,14912.0,31.0,41.0,0.0,672.44,96.06,59110.0,7.0,23.0,0.7,1.4,tests performed,,,,,,,119.88,,,,76.74,,49574
Norway,NOR,Europe,2024-08-04,1512647.0,745.0,5732.0,0.0,136.53,19.5,11154564.0,1943.0,1723.0,0.32,3.1,people tested,12145560.0,4346995.0,4054726.0,3743839.0,3.0,11.11,14.46,64800.06,0.2,3.6,82.4,0.96,5434324
Oman,OMN,Asia,2024-08-04,399449.0,0.0,4628.0,0.0,0.0,0.0,2031675.0,,622.0,0.01,167.5,tests performed,7108547.0,3279632.0,3048826.0,779859.0,3650.0,11.11,14.98,37960.71,,1.6,77.86,0.81,4576300
Pakistan,PAK,Asia,2024-08-04,1580631.0,0.0,30656.0,0.0,0.0,0.0,28889568.0,31201.0,11780.0,0.02,60.3,tests performed,340974144.0,165567890.0,140475871.0,53152375.0,83417.0,40.54,255.57,5034.71,4.0,0.6,67.27,0.56,235824864
Palau,PLW,Oceania,2024-08-04,6372.0,0.0,10.0,0.0,0.0,0.0,59627.0,,116.0,0.03,29.0,tests performed,,,,,,,47.24,13240.4,,4.8,73.7,0.83,18084
Palestine,PSE,Asia,2024-08-04,703228.0,0.0,5708.0,0.0,0.0,0.0,,3267.0,1289.0,0.2,5.1,tests performed,3748571.0,2012767.0,1776973.0,336967.0,0.0,5.56,778.2,4449.9,1.0,,74.05,0.71,5250076
Panama,PAN,North America,2024-08-04,1044821.0,0.0,8748.0,0.0,0.0,0.0,6499239.0,7609.0,8930.0,0.18,5.5,tests performed,8893001.0,3533477.0,3174155.0,2033783.0,26682.0,20.37,55.13,22267.04,2.2,2.3,78.51,0.82,4408582
Papua New Guinea,PNG,Oceania,2024-08-04,46864.0,0.0,670.0,0.0,0.0,0.0,249149.0,,,,,people tested,737695.0,382020.0,321192.0,34483.0,,5.56,18.22,3823.19,,,64.5,0.56,10142625
Paraguay,PRY,South America,2024-08-04,735759.0,0.0,19880.0,0.0,0.0,0.0,2609819.0,1757.0,1763.0,0.07,15.3,tests performed,9745545.0,3993938.0,3546685.0,2204922.0,10109.0,11.11,17.14,8827.01,1.7,1.3,74.25,0.73,6780745
Peru,PER,South America,2024-08-04,4526977.0,0.0,220975.0,0.0,0.0,0.0,28971116.0,,49170.0,0.01,111.1,tests performed,91412580.0,30563708.0,28709644.0,32139228.0,430.0,11.11,25.13,12236.71,3.5,1.6,76.74,0.78,34049588
Philippines,PHL,Asia,2024-08-04,4140383.0,0.0,66864.0,0.0,0.0,0.0,28472887.0,21192.0,19245.0,0.01,107.8,people tested,189317158.0,82684774.0,78443972.0,23811248.0,227791.0,25.41,351.87,7599.19,,1.0,71.23,0.72,115559008
Pitcairn,PCN,Oceania,2024-08-04,4.0,0.0,0.0,0.0,0.0,0.0,,,,,,,117.0,47.0,47.0,23.0,,,,,,,,,47
Poland,POL,Europe,2024-08-04,6670799.0,2463.0,120726.0,4.0,64.16,9.17,36962382.0,,3366.0,0.06,16.9,tests performed,58032403.0,22877472.0,22649355.0,15394535.0,261.0,9.26,124.03,27216.44,,6.62,78.73,0.88,39857144
Portugal,PRT,Europe,2024-08-04,5664109.0,1055.0,28809.0,50.0,101.28,14.47,42825431.0,52990.0,48792.0,0.51,2.0,tests performed,28314797.0,9821414.0,8909769.0,7086326.0,,11.11,112.37,27936.9,0.5,3.39,82.05,0.86,10270857
Puerto Rico,PRI,North America,2024-08-04,1252713.0,0.0,5938.0,0.0,0.0,0.0,3019115.0,930.0,2884.0,0.24,4.2,tests performed,,,,,,0.0,376.23,35044.67,,,80.1,,3252412
Qatar,QAT,Asia,2024-08-04,514524.0,0.0,690.0,0.0,0.0,0.0,7574423.0,14144.0,14321.0,,,tests performed,7609178.0,2852178.0,2852178.0,1904822.0,4802.0,11.11,227.32,116935.6,,1.2,80.23,0.85,2695131
Reunion,REU,Africa,2024-08-04,494595.0,0.0,921.0,0.0,0.0,0.0,,,,,,,,,,,,,,,,,80.48,,974062
Romania,ROU,Europe,2024-08-04,3541619.0,4633.0,68825.0,6.0,241.72,34.53,21260367.0,,75700.0,0.06,17.7,tests performed,16827486.0,8188137.0,8114769.0,,1208.0,11.11,85.13,23313.2,5.7,6.89,76.05,0.83,19659270
Russia,RUS,Europe,2024-08-04,24268728.0,7777.0,403188.0,10.0,53.42,7.63,295244836.0,331438.0,139842.0,0.03,35.3,tests performed,187374508.0,89081596.0,79702396.0,20829310.0,71260.0,11.11,8.82,24765.95,0.1,8.05,72.58,0.82,144713312
Rwanda,RWA,Africa,2024-08-04,133264.0,0.0,1468.0,0.0,0.0,0.0,5534918.0,3839.0,4661.0,0.01,130.0,samples tested,27322059.0,10884714.0,10399665.0,5879013.0,211071.0,25.64,494.87,1854.21,56.0,,69.02,0.54,13776702
Saint Barthelemy,BLM,North America,2024-08-04,5507.0,0.0,5.0,0.0,0.0,0.0,,,,,,,,,,,,,,,,,,,10994
Saint Helena,SHN,Africa,2024-08-04,2166.0,0.0,0.0,0.0,0.0,0.0,,,,,,,7892.0,4361.0,3531.0,,,,,,,,80.56,,5401
Saint Kitts and Nevis,KNA,North America,2024-08-04,6607.0,0.0,46.0,0.0,0.0,0.0,94440.0,87.0,609.0,0.01,83.6,people tested,64297.0,33794.0,27000.0,3503.0,626.0,,212.86,24654.38,,2.3,76.23,0.78,47681
Saint Lucia,LCA,North America,2024-08-04,30282.0,0.0,410.0,0.0,0.0,0.0,208560.0,117.0,145.0,0.15,6.7,tests performed,122977.0,60140.0,54971.0,7866.0,55.0,,293.19,12951.84,,1.3,76.2,0.76,179872
Saint Martin (French part),MAF,North America,2024-08-04,12324.0,0.0,46.0,0.0,0.0,0.0,,,,,,,,,,,,,590.53,,,,82.08,,31816
Saint Pierre and Miquelon,SPM,North America,2024-08-04,3426.0,0.0,2.0,0.0,0.0,0.0,,,,,,,,,,,,,,,,,81.07,,5885
Saint Vincent and the Grenadines,VCT,North America,2024-08-04,9674.0,0.0,124.0,0.0,0.0,0.0,108388.0,59.0,50.0,0.23,4.4,tests performed,73443.0,37532.0,31632.0,4279.0,20.0,,281.79,10727.15,,2.6,72.53,0.74,103959
Samoa,WSM,Oceania,2024-08-04,17057.0,0.0,31.0,0.0,0.0,0.0,,,,,,,453083.0,191403.0,177954.0,82268.0,,,69.41,6021.56,,,73.32,0.72,222390
San Marino,SMR,Europe,2024-08-04,25292.0,0.0,126.0,0.0,0.0,0.0,,,,,,,69338.0,26357.0,23633.0,19348.0,9.0,5.56,556.67,56861.47,,3.8,84.97,,33690
Sao Tome and Principe,STP,Africa,2024-08-04,6771.0,0.0,80.0,0.0,0.0,0.0,4694.0,767.0,110.0,0.01,110.0,tests performed,263863.0,140256.0,111986.0,34624.0,,,212.84,3052.71,32.3,2.9,70.39,0.62,227393
Saudi Arabia,SAU,Asia,2024-08-04,841469.0,0.0,9646.0,0.0,0.0,0.0,43251385.0,28668.0,29372.0,0.03,28.9,tests performed,68534631.0,27041364.0,25433941.0,10793985.0,113359.0,11.11,15.32,49045.41,,2.7,75.13,0.85,36408824
Scotland,OWID_SCT,Europe,2023-10-02,,,,,,,,,,,,,13014285.0,4549556.0,4285946.0,3594835.0,813.0,,,,,,,,5466000
Senegal,SEN,Africa,2024-08-04,89485.0,0.0,1971.0,0.0,0.0,0.0,1102099.0,814.0,752.0,0.0,292.5,tests performed,3179647.0,2684696.0,1546628.0,815965.0,7129.0,13.89,82.33,2470.58,38.0,,67.94,0.51,17316452
Serbia,SRB,Europe,2024-08-04,2583470.0,0.0,18057.0,0.0,0.0,0.0,9852899.0,7466.0,6317.0,0.06,16.8,people tested,8534688.0,3354075.0,3278198.0,1902412.0,221.0,5.56,80.29,14048.88,,5.61,76.0,0.81,6871547
Seychelles,SYC,Africa,2024-08-04,51886.0,0.0,172.0,0.0,0.0,0.0,,,,,,,224558.0,88520.0,83565.0,44936.0,1315.0,13.89,208.35,26382.29,1.1,3.6,73.4,0.8,107135
Sierra Leone,SLE,Africa,2024-08-04,7979.0,0.0,125.0,0.0,0.0,0.0,428517.0,,251.0,0.0,877.6,tests performed,9155936.0,5676123.0,4961886.0,1201709.0,1928.0,37.96,104.7,1390.3,52.2,,54.7,0.45,8605723
Singapore,SGP,Asia,2024-08-04,3006155.0,0.0,2024.0,0.0,0.0,0.0,,24000.0,24000.0,0.16,6.1,samples tested,14727569.0,5160551.0,5120969.0,4440289.0,3779.0,17.59,7915.73,85535.38,,2.4,83.62,0.94,5637022
Sint Maarten (Dutch part),SXM,North America,2024-08-04,11051.0,0.0,92.0,0.0,0.0,0.0,,,,,,,66829.0,29788.0,26773.0,9146.0,,,1209.09,36327.23,,,78.95,,44192
Slovakia,SVK,Europe,2024-08-04,1878002.0,61.0,21227.0,1.0,11.14,1.59,51238482.0,2231.0,2123.0,0.13,7.5,tests performed,5754313.0,2595901.0,2577827.0,684026.0,,11.11,113.13,30155.15,0.7,5.82,77.54,0.86,5643455
Slovenia,SVN,Europe,2024-08-04,1356582.0,148.0,10083.0,4.0,69.97,10.0,5336373.0,3998.0,3172.0,0.13,7.8,tests performed,2996643.0,1265802.0,1222225.0,657967.0,0.0,11.11,102.62,31400.84,,4.5,81.32,0.92,2119843
Solomon Islands,SLB,Oceania,2024-08-04,25954.0,0.0,199.0,0.0,0.0,0.0,,,,,,,625956.0,343821.0,254352.0,27783.0,,30.46,21.84,2205.92,25.1,1.4,73.0,0.57,724272
Somalia,SOM,Africa,2024-08-04,27334.0,0.0,1361.0,0.0,0.0,0.0,501224.0,,252.0,0.04,24.2,tests performed,10555834.0,8972167.0,7666835.0,28134.0,0.0,5.56,23.5,,,0.9,57.4,,17597508
South Africa,ZAF,Africa,2024-08-04,4072765.0,0.0,102595.0,0.0,0.0,0.0,25637671.0,19244.0,14296.0,0.07,13.8,people tested,41798812.0,24210953.0,21038797.0,4410601.0,0.0,11.11,46.75,12294.88,18.9,2.32,64.13,0.71,59893884
South Korea,KOR,Asia,2024-08-04,34571873.0,0.0,35934.0,0.0,0.0,0.0,100269452.0,145445.0,116619.0,0.07,14.5,people tested,129647782.0,44784499.0,44372679.0,41325954.0,1775.0,11.11,527.97,35938.37,0.2,12.27,83.03,0.92,51815808
South Sudan,SSD,Africa,2024-08-04,18823.0,0.0,147.0,0.0,0.0,0.0,410280.0,798.0,578.0,0.01,76.3,tests performed,4365547.0,4315127.0,4273253.0,513122.0,4158.0,10.55,,1569.89,,,57.85,0.43,10913172
Spain,ESP,Europe,2024-08-04,13980340.0,0.0,121852.0,0.0,0.0,0.0,93162168.0,29943.0,43694.0,0.31,3.2,tests performed,105840320.0,41351234.0,40739123.0,26559282.0,47657.0,5.56,93.1,34272.36,1.0,2.97,83.56,0.9,47558632
Sri Lanka,LKA,Asia,2024-08-04,672798.0,1.0,16907.0,0.0,0.04,0.01,7691045.0,1111.0,1204.0,0.01,120.4,tests performed,40116590.0,17143761.0,14752827.0,8220002.0,14667.0,23.15,341.96,11669.08,0.7,3.6,76.98,0.78,21832150
Sudan,SDN,Africa,2024-08-04,63993.0,0.0,5046.0,0.0,0.0,0.0,562941.0,,,,,tests performed,22598737.0,15207452.0,13416394.0,3891363.0,6534.0,5.56,23.26,4466.51,,0.8,65.31,0.51,46874200
Suriname,SUR,South America,2024-08-04,82501.0,0.0,1406.0,0.0,0.0,0.0,84184.0,165.0,24.0,0.49,2.0,tests performed,505699.0,267820.0,237879.0,48889.0,398.0,21.3,3.61,13767.12,,3.1,71.68,0.74,618046
Sweden,SWE,Europe,2024-08-04,2755181.0,630.0,27399.0,28.0,60.07,8.58,18407585.0,2417.0,2417.0,0.11,8.8,tests performed,28312817.0,7775726.0,7593676.0,9836355.0,69531.0,11.11,24.72,46949.28,0.5,2.22,82.8,0.94,10549349
Switzerland,CHE,Europe,2024-08-04,4457868.0,426.0,14170.0,0.0,48.45,6.92,21277734.0,9789.0,9093.0,0.41,2.5,tests performed,16940716.0,6096911.0,,4885838.0,5.0,5.56,214.24,57410.17,,4.53,83.78,0.96,8740471
Syria,SYR,Asia,2024-08-04,57423.0,0.0,3163.0,0.0,0.0,0.0,175957.0,,221.0,0.01,193.4,tests performed,5090630.0,3295630.0,2358365.0,75881.0,30134.0,11.11,,,,1.5,72.7,0.57,22125242
Taiwan,TWN,Asia,2023-09-24,,,,,,,13021521.0,64492.0,66864.0,0.78,1.3,people tested,68158988.0,21899240.0,20793089.0,25466659.0,10246.0,17.59,,,,,80.46,,23893396
Tajikistan,TJK,Asia,2024-08-04,17786.0,0.0,125.0,0.0,0.0,0.0,,,,,,,20568163.0,5328277.0,5191919.0,5322496.0,113265.0,8.33,64.28,2896.91,4.8,4.8,71.1,0.67,9952789
Tanzania,TZA,Africa,2024-08-04,43230.0,0.0,846.0,0.0,0.0,0.0,455776.0,,1004.0,0.02,62.2,tests performed,39392419.0,34434933.0,32165791.0,7171363.0,,2.78,64.7,2683.3,49.1,0.7,65.46,0.53,65497752
Thailand,THA,Asia,2024-08-04,4799180.0,560.0,34715.0,1.0,7.81,1.12,24733803.0,7706.0,11151.0,0.31,3.2,tests performed,142635014.0,57005497.0,53486086.0,32143431.0,34265.0,5.56,135.13,16277.67,0.1,2.1,77.15,0.78,71697024
Togo,TGO,Africa,2024-08-04,39530.0,0.0,290.0,0.0,0.0,0.0,749695.0,877.0,377.0,0.02,42.6,tests performed,3423181.0,2255579.0,1554066.0,427804.0,,30.1,143.37,1429.81,49.2,0.7,61.04,0.52,8848700
Tokelau,TKL,Oceania,2024-08-04,80.0,0.0,0.0,0.0,0.0,0.0,,,,,,,5374.0,2203.0,2203.0,968.0,,,,,,,81.86,,1893
Tonga,TON,Oceania,2024-08-04,16976.0,0.0,12.0,0.0,0.0,0.0,,,,,,,203208.0,87342.0,77360.0,38506.0,,16.22,150.03,5425.62,,2.6,70.91,0.72,106867
Trinidad and Tobago,TTO,North America,2024-08-04,191496.0,0.0,4390.0,0.0,0.0,0.0,768404.0,1900.0,739.0,0.22,4.5,people tested,1580898.0,753588.0,716898.0,168619.0,75.0,11.11,266.89,28763.07,,3.0,73.51,0.8,1531043
Tunisia,TUN,Africa,2024-08-04,1153361.0,0.0,29423.0,0.0,0.0,0.0,4647813.0,1722.0,996.0,0.1,10.4,people tested,13253317.0,7218871.0,6401841.0,1258577.0,638.0,31.36,74.23,10849.3,2.0,2.3,76.7,0.74,12356116
Turkey,TUR,Asia,2024-08-04,17004718.0,0.0,101419.0,0.0,0.0,0.0,163164533.0,128854.0,134604.0,0.01,130.4,tests performed,152543341.0,57941051.0,53176961.0,41425329.0,5221.0,11.11,104.91,25129.34,0.2,2.81,77.69,0.82,85341248
Turkmenistan,TKM,Asia,2024-08-04,0.0,0.0,0.0,0.0,0.0,0.0,,,,,,,16775970.0,4614869.0,4568901.0,3816400.0,,22.22,12.25,16389.02,,7.4,68.19,0.72,6430777
Turks and Caicos Islands,TCA,North America,2024-08-04,6805.0,0.0,40.0,0.0,0.0,0.0,,,,,,,73907.0,32815.0,30710.0,7443.0,,,37.31,,,,80.22,,45726
Tuvalu,TUV,Oceania,2024-08-04,2943.0,0.0,1.0,0.0,0.0,0.0,,,,,,,26783.0,9763.0,9505.0,5745.0,,,373.07,3575.1,3.3,,67.57,,11335
Uganda,UGA,Africa,2024-08-04,172154.0,0.0,3632.0,0.0,0.0,0.0,2749166.0,10103.0,1382.0,0.06,15.5,tests performed,26406936.0,20033189.0,13061126.0,764664.0,134275.0,38.44,213.76,1697.71,41.6,0.5,63.37,0.54,47249588
Ukraine,UKR,Europe,2024-08-04,5532777.0,171.0,109920.0,0.0,4.17,0.6,19288823.0,96361.0,52561.0,0.6,1.7,tests performed,35735488.0,16267198.0,15741036.0,3294979.0,62935.0,8.33,77.39,7894.39,0.1,8.8,72.06,0.78,39701744
United Arab Emirates,ARE,Asia,2024-08-04,1067030.0,0.0,2349.0,0.0,0.0,0.0,168522672.0,325016.0,313964.0,0.0,205.6,tests performed,24922054.0,9991089.0,9792266.0,5138699.0,6152.0,13.89,112.44,67293.48,,1.2,77.97,0.89,9441138
United Kingdom,GBR,Europe,2024-08-04,24974629.0,3400.0,232112.0,0.0,49.87,7.12,503270347.0,245960.0,259329.0,0.03,30.6,tests performed,151248820.0,53813491.0,50762968.0,40373987.0,5992.0,5.56,272.9,39753.24,0.2,2.54,81.32,0.93,67508936
United States,USA,North America,2024-08-04,103436829.0,0.0,1193165.0,619.0,0.0,39.01,912769124.0,247426.0,476216.0,0.14,7.2,tests performed,676728782.0,270227181.0,230637348.0,133062763.0,11751.0,28.71,35.61,54225.45,1.2,2.77,78.86,0.93,338289856
United States Virgin Islands,VIR,North America,2024-08-04,25389.0,0.0,132.0,0.0,0.0,0.0,115079.0,14.0,54.0,0.19,5.2,tests performed,,,,,,0.0,306.48,,,,80.58,,99479
Uruguay,URY,South America,2024-08-04,1041346.0,15.0,7682.0,0.0,4.42,0.63,6086835.0,2072.0,3188.0,0.08,12.0,people tested,9036273.0,3010451.0,2903089.0,3122733.0,1.0,13.89,19.75,20551.41,0.1,2.8,77.91,0.82,3422796
Uzbekistan,UZB,Asia,2024-08-04,175081.0,0.0,1016.0,0.0,0.0,0.0,,,,,,,83937954.0,22094470.0,18451781.0,16413048.0,145313.0,5.56,76.13,6253.1,,4.0,71.72,0.72,34627648
Vanuatu,VUT,Oceania,2024-08-04,12019.0,0.0,14.0,0.0,0.0,0.0,11989.0,,76.0,0.01,76.0,people tested,366638.0,176624.0,162250.0,27697.0,,11.11,22.66,2921.91,13.2,,70.47,0.61,326744
Vatican,VAT,Europe,2024-08-04,26.0,0.0,0.0,0.0,0.0,0.0,,,,,,,,,,,,,,,,,75.12,,808
Venezuela,VEN,South America,2024-08-04,552695.0,0.0,5856.0,0.0,0.0,0.0,,,,,,,37860994.0,22157232.0,14966671.0,651502.0,,13.89,36.25,16745.02,,0.8,72.06,0.71,28301700
Vietnam,VNM,Asia,2024-08-04,11624000.0,0.0,43206.0,0.0,0.0,0.0,85824349.0,56715.0,620.0,0.95,1.1,people tested,266492149.0,90497674.0,85961564.0,57975220.0,66330.0,23.15,308.13,6171.88,2.0,2.6,75.4,0.7,98186856
Wales,OWID_WLS,Europe,2023-07-12,,,,,,,,,,,,,8932482.0,2592226.0,2477109.0,4064651.0,3169.0,,,,,,,,3170000
Wallis and Futuna,WLF,Oceania,2024-08-04,3760.0,0.0,9.0,0.0,0.0,0.0,,,,,,,18058.0,7150.0,6803.0,3766.0,,,,,,,79.94,,11596
Western Sahara,ESH,Africa,2022-04-20,,,,,,,3943.0,,,,,tests performed,,,,,,,,,,,70.26,,576005
Yemen,YEM,Asia,2024-08-04,11945.0,0.0,2159.0,0.0,0.0,0.0,336937.0,,84.0,0.0,587.4,tests performed,1298654.0,1050202.0,807057.0,68925.0,,5.56,53.51,1479.15,18.8,0.7,66.12,0.47,33696612
Zambia,ZMB,Africa,2024-08-04,349842.0,18.0,4077.0,0.0,0.89,0.13,3514038.0,2352.0,2122.0,0.06,17.2,tests performed,13454213.0,11711565.0,9213802.0,33684.0,65503.0,13.89,23.0,3689.25,57.5,2.0,63.89,0.58,20017670
Zimbabwe,ZWE,Africa,2024-08-04,266386.0,0.0,5740.0,0.0,0.0,0.0,2379907.0,3537.0,2246.0,0.04,23.7,tests performed,12222754.0,6437808.0,4751270.0,1033676.0,1978.0,53.7,42.73,1899.78,21.4,1.7,61.49,0.57,16320539
